{"cameraMode":{"drawMode":0,"name":"Shaded","section":"Shading Mode"},"sceneLighting":false,"audioPlay":false,"sceneViewState":{"showFog":true,"showMaterialUpdate":false,"showSkybox":false,"showFlares":true,"showImageEffects":true,"showParticleSystems":true},"in2DMode":false,"pivot":{"x":2.106670379638672,"y":-0.2074892669916153,"z":8.176387786865235},"rotation":{"x":-0.08261751383543015,"y":0.8888723850250244,"z":-0.17723210155963899,"w":-0.4143424928188324},"size":0.31529873609542849,"orthographic":false}